Name of Module,Name,Day,Start Time,End Time,Weeks,course_code,fixed_event
Informatics Research Review,Informatics Research Review - Q&A Session,Wed,14:00:00,15:00:00,Sem1 wk1-Sem1 wk10,INFR11136,False
Discrete Mathematics and Probability,Discrete Mathematics and Probability - Lecture,Mon,14:00:00,15:00:00,Sem1 wk1-Sem1 wk11,INFR08031,False
Discrete Mathematics and Probability,Discrete Mathematics and Probability - Lecture,Thu,14:00:00,15:00:00,Sem1 wk1-Sem1 wk11,INFR08031,False
Machine Learning and Pattern Recognition,Machine Learning and Pattern Recognition - Lecture,Tue,09:00:00,10:00:00,Sem1 wk1-Sem1 wk10,INFR11130,False
Machine Learning and Pattern Recognition,Machine Learning and Pattern Recognition - Lecture,Thu,09:00:00,10:00:00,Sem1 wk1-Sem1 wk10,INFR11130,False
Machine Learning and Pattern Recognition,Machine Learning and Pattern Recognition - Lecture,Wed,09:00:00,10:00:00,Sem1 wk1-Sem1 wk10,INFR11130,False
Informatics 1 - Introduction to Computation,Informatics 1 - Introduction to Computation - Tutorials/01,Thu,09:30:00,11:00:00,Sem1 wk2-Sem1 wk11,INFR08025,False
Informatics 1 - Introduction to Computation,Informatics 1 - Introduction to Computation - Tutorials/02,Thu,09:30:00,11:00:00,Sem1 wk2-Sem1 wk11,INFR08025,False
Informatics 1 - Introduction to Computation,Informatics 1 - Introduction to Computation - Tutorials/03,Thu,09:30:00,11:00:00,Sem1 wk2-Sem1 wk11,INFR08025,False
Informatics 1 - Introduction to Computation,Informatics 1 - Introduction to Computation - Tutorials/04,Thu,09:30:00,11:00:00,Sem1 wk2-Sem1 wk11,INFR08025,False
Informatics 1 - Introduction to Computation,Informatics 1 - Introduction to Computation - Tutorials/05,Thu,09:30:00,11:00:00,Sem1 wk2-Sem1 wk11,INFR08025,False
Informatics 1 - Introduction to Computation,Informatics 1 - Introduction to Computation - Tutorials/06 <11-19>,Fri,10:30:00,12:00:00,Sem1 wk3-Sem1 wk11,INFR08025,False
Informatics 1 - Introduction to Computation,Informatics 1 - Introduction to Computation - Tutorials/07,Fri,09:00:00,10:30:00,Sem1 wk2-Sem1 wk11,INFR08025,False
Informatics 1 - Introduction to Computation,Informatics 1 - Introduction to Computation - Tutorials/08,Fri,09:00:00,10:30:00,Sem1 wk2-Sem1 wk11,INFR08025,False
Informatics 1 - Introduction to Computation,Informatics 1 - Introduction to Computation - Tutorials/09,Fri,10:30:00,12:00:00,Sem1 wk2-Sem1 wk11,INFR08025,False
Informatics 1 - Introduction to Computation,Informatics 1 - Introduction to Computation - Tutorials/10,Fri,10:30:00,12:00:00,Sem1 wk2-Sem1 wk11,INFR08025,False
Informatics 1 - Introduction to Computation,Informatics 1 - Introduction to Computation - Tutorials/11,Thu,14:00:00,15:30:00,Sem1 wk2-Sem1 wk11,INFR08025,False
Informatics 1 - Introduction to Computation,Informatics 1 - Introduction to Computation - Tutorials/12,Thu,14:00:00,15:30:00,Sem1 wk2-Sem1 wk11,INFR08025,False
Informatics 1 - Introduction to Computation,Informatics 1 - Introduction to Computation - Tutorials/13,Thu,14:00:00,15:30:00,Sem1 wk2-Sem1 wk11,INFR08025,False
Informatics 1 - Introduction to Computation,Informatics 1 - Introduction to Computation - Tutorials/14,Thu,14:00:00,15:30:00,Sem1 wk2-Sem1 wk11,INFR08025,False
Informatics 1 - Introduction to Computation,Informatics 1 - Introduction to Computation - Tutorials/15,Thu,14:00:00,15:30:00,Sem1 wk2-Sem1 wk11,INFR08025,False
Informatics 1 - Introduction to Computation,Informatics 1 - Introduction to Computation - Tutorials/16,Thu,14:00:00,15:30:00,Sem1 wk2-Sem1 wk11,INFR08025,False
Informatics 1 - Introduction to Computation,Informatics 1 - Introduction to Computation - Tutorials/17,Thu,14:00:00,15:30:00,Sem1 wk2-Sem1 wk11,INFR08025,False
Informatics 1 - Introduction to Computation,Informatics 1 - Introduction to Computation - Tutorials/18,Thu,16:00:00,17:30:00,Sem1 wk2-Sem1 wk11,INFR08025,False
Informatics 1 - Introduction to Computation,Informatics 1 - Introduction to Computation - Tutorials/19,Thu,15:30:00,17:00:00,Sem1 wk2-Sem1 wk11,INFR08025,False
Informatics 1 - Introduction to Computation,Informatics 1 - Introduction to Computation - Tutorials/20,Thu,15:30:00,17:00:00,Sem1 wk2-Sem1 wk11,INFR08025,False
Informatics 1 - Introduction to Computation,Informatics 1 - Introduction to Computation - Tutorials/21,Thu,15:30:00,17:00:00,Sem1 wk2-Sem1 wk11,INFR08025,False
Informatics 1 - Introduction to Computation,Informatics 1 - Introduction to Computation - Tutorials/22,Thu,15:30:00,17:00:00,Sem1 wk2-Sem1 wk11,INFR08025,False
Informatics 1 - Introduction to Computation,Informatics 1 - Introduction to Computation - Tutorials/23,Thu,16:00:00,17:30:00,Sem1 wk2-Sem1 wk11,INFR08025,False
Informatics 1 - Introduction to Computation,Informatics 1 - Introduction to Computation - Tutorials/24,Thu,16:00:00,17:30:00,Sem1 wk2-Sem1 wk11,INFR08025,False
Informatics 1 - Introduction to Computation,Informatics 1 - Introduction to Computation - Tutorials/25,Thu,16:00:00,17:30:00,Sem1 wk2-Sem1 wk11,INFR08025,False
Informatics 1 - Introduction to Computation,Informatics 1 - Introduction to Computation - Tutorials/26,Fri,09:00:00,10:30:00,Sem1 wk2-Sem1 wk11,INFR08025,False
Informatics 1 - Introduction to Computation,Informatics 1 - Introduction to Computation - Tutorials/27,Fri,09:00:00,10:30:00,Sem1 wk2-Sem1 wk11,INFR08025,False
Informatics 1 - Introduction to Computation,Informatics 1 - Introduction to Computation - Tutorials/28,Fri,09:00:00,10:30:00,Sem1 wk2-Sem1 wk11,INFR08025,False
Informatics 1 - Introduction to Computation,Informatics 1 - Introduction to Computation - Tutorials/29,Fri,09:00:00,10:30:00,Sem1 wk2-Sem1 wk11,INFR08025,False
Informatics 1 - Introduction to Computation,Informatics 1 - Introduction to Computation - Tutorials/30,Fri,09:00:00,10:30:00,Sem1 wk2-Sem1 wk11,INFR08025,False
Informatics 1 - Introduction to Computation,Informatics 1 - Introduction to Computation - Tutorials/31,Fri,10:30:00,12:00:00,Sem1 wk2-Sem1 wk11,INFR08025,False
Informatics 1 - Introduction to Computation,Informatics 1 - Introduction to Computation - Tutorials/32,Fri,10:30:00,12:00:00,Sem1 wk2-Sem1 wk11,INFR08025,False
Informatics 1 - Introduction to Computation,Informatics 1 - Introduction to Computation - Tutorials/33,Fri,10:30:00,12:00:00,Sem1 wk2-Sem1 wk11,INFR08025,False
Informatics 1 - Introduction to Computation,Informatics 1 - Introduction to Computation - Tutorials/34,Fri,10:30:00,12:00:00,Sem1 wk2-Sem1 wk11,INFR08025,False
Informatics 1 - Introduction to Computation,Informatics 1 - Introduction to Computation - Tutorials/35,Fri,10:30:00,12:00:00,Sem1 wk2-Sem1 wk11,INFR08025,False
Informatics 1 - Introduction to Computation,Informatics 1 - Introduction to Computation - Tutorials/36,Fri,16:00:00,17:30:00,Sem1 wk2-Sem1 wk11,INFR08025,False
Informatics 1 - Introduction to Computation,Informatics 1 - Introduction to Computation - Tutorials/37,Fri,16:00:00,17:30:00,Sem1 wk2-Sem1 wk11,INFR08025,False
Informatics 1 - Introduction to Computation,Informatics 1 - Introduction to Computation - Tutorials/38,Fri,16:00:00,17:30:00,Sem1 wk2-Sem1 wk11,INFR08025,False
Discrete Mathematics and Probability,Discrete Mathematics and Probability - Tutorial/01,Tue,13:00:00,14:00:00,"Sem1 wk2-Sem1 wk5, Sem1 wk7-Sem1 wk10",INFR08031,False
Discrete Mathematics and Probability,Discrete Mathematics and Probability - Tutorial/03,Wed,13:00:00,14:00:00,"Sem1 wk2-Sem1 wk5, Sem1 wk7-Sem1 wk10",INFR08031,False
Discrete Mathematics and Probability,Discrete Mathematics and Probability - Tutorial/05,Wed,14:00:00,15:00:00,"Sem1 wk2-Sem1 wk5, Sem1 wk7-Sem1 wk10",INFR08031,False
Discrete Mathematics and Probability,Discrete Mathematics and Probability - Tutorial/06,Thu,12:00:00,13:00:00,"Sem1 wk2-Sem1 wk5, Sem1 wk7-Sem1 wk10",INFR08031,False
Programming Skills,(EPCC) Programming Skills - Lecture <09-18>,Wed,12:00:00,13:00:00,Sem1 wk1-Sem1 wk10,INFR11177,False
Programming Skills,(EPCC) Programming Skills - Lecture <19>,Wed,12:00:00,13:00:00,Sem1 wk11,INFR11177,False
Programming Skills,(EPCC) Programming Skills - Practical <11>,Thu,11:00:00,13:00:00,Sem1 wk3,INFR11177,False
Programming Skills,"(EPCC) Programming Skills - Practical <09-10, 12-18>",Thu,11:00:00,13:00:00,"Sem1 wk1-Sem1 wk2, Sem1 wk4-Sem1 wk10",INFR11177,False
Data-driven Business and Behaviour Analytics,Data-driven Business and Behaviour Analytics - Lecture,Tue,15:00:00,16:00:00,Sem1 wk1-Sem1 wk10,INFR11198,False
Data-driven Business and Behaviour Analytics,Data-driven Business and Behaviour Analytics - Lecture,Fri,15:00:00,16:00:00,Sem1 wk1-Sem1 wk11,INFR11198,False
Data-driven Business and Behaviour Analytics,Data-driven Business and Behaviour Analytics - Lecture,Thu,15:00:00,16:00:00,Sem1 wk1-Sem1 wk11,INFR11198,False
Elements of Programming Languages,Elements of Programming Languages - Lecture,Mon,14:00:00,15:00:00,Sem1 wk1-Sem1 wk11,INFR10061,False
Elements of Programming Languages,Elements of Programming Languages - Lecture,Thu,14:00:00,15:00:00,Sem1 wk1-Sem1 wk11,INFR10061,False
Software Testing,Software Testing - Lecture,Thu,10:00:00,11:00:00,Sem1 wk1-Sem1 wk11,INFR10057,False
Software Testing,Software Testing - Lecture,Tue,10:00:00,11:00:00,Sem1 wk1-Sem1 wk11,INFR10057,False
Elements of Programming Languages,Elements of Programming Languages - Tutorial/02,Thu,12:00:00,13:00:00,Sem1 wk3-Sem1 wk10,INFR10061,False
Elements of Programming Languages,Elements of Programming Languages - Tutorial/03,Mon,09:00:00,10:00:00,Sem1 wk3-Sem1 wk10,INFR10061,False
Elements of Programming Languages,Elements of Programming Languages - Tutorial/04,Fri,10:00:00,11:00:00,Sem1 wk3-Sem1 wk10,INFR10061,False
Elements of Programming Languages,Elements of Programming Languages - Tutorial/01,Mon,15:00:00,16:00:00,Sem1 wk3-Sem1 wk10,INFR10061,False
Professional Issues (Level 10),Professional Issues (Level 10) - Tutorial/01,Mon,11:00:00,13:00:00,"Sem1 wk2, Sem1 wk4, Sem1 wk6, Sem1 wk8, Sem1 wk10",INFR10022,False
Professional Issues (Level 10),Professional Issues (Level 10) - Tutorial/02,Mon,11:00:00,13:00:00,"Sem1 wk2, Sem1 wk4, Sem1 wk6, Sem1 wk8, Sem1 wk10",INFR10022,False
Professional Issues (Level 10),Professional Issues (Level 10) - Tutorial/03,Tue,11:00:00,13:00:00,"Sem1 wk2, Sem1 wk4, Sem1 wk6, Sem1 wk8, Sem1 wk10",INFR10022,False
Professional Issues (Level 10),Professional Issues (Level 10) - Tutorial/04,Tue,11:00:00,13:00:00,"Sem1 wk2, Sem1 wk4, Sem1 wk6, Sem1 wk8, Sem1 wk10",INFR10022,False
Professional Issues (Level 10),Professional Issues (Level 10) - Tutorial/05,Wed,11:00:00,13:00:00,"Sem1 wk2, Sem1 wk4, Sem1 wk6, Sem1 wk8, Sem1 wk10",INFR10022,False
Professional Issues (Level 10),Professional Issues (Level 10) - Tutorial/06,Wed,11:00:00,13:00:00,"Sem1 wk2, Sem1 wk4, Sem1 wk6, Sem1 wk8, Sem1 wk10",INFR10022,False
Professional Issues (Level 10),Professional Issues (Level 10) - Tutorial/07,Wed,14:00:00,16:00:00,"Sem1 wk2, Sem1 wk4, Sem1 wk6, Sem1 wk8, Sem1 wk10",INFR10022,False
Professional Issues (Level 10),Professional Issues (Level 10) - Tutorial/08,Wed,14:00:00,16:00:00,"Sem1 wk2, Sem1 wk4, Sem1 wk6, Sem1 wk8, Sem1 wk10",INFR10022,False
Professional Issues (Level 10),Professional Issues (Level 10) - Tutorial/09,Thu,14:00:00,16:00:00,"Sem1 wk2, Sem1 wk4, Sem1 wk6, Sem1 wk8, Sem1 wk10",INFR10022,False
Professional Issues (Level 10),Professional Issues (Level 10) - Tutorial/10,Thu,14:00:00,16:00:00,"Sem1 wk2, Sem1 wk4, Sem1 wk6, Sem1 wk8, Sem1 wk10",INFR10022,False
Professional Issues (Level 10),Professional Issues (Level 10) - Tutorial/11,Fri,11:00:00,13:00:00,"Sem1 wk2, Sem1 wk4, Sem1 wk6, Sem1 wk8, Sem1 wk10",INFR10022,False
Professional Issues (Level 10),Professional Issues (Level 10) - Tutorial/12,Fri,11:00:00,13:00:00,"Sem1 wk2, Sem1 wk4, Sem1 wk6, Sem1 wk8, Sem1 wk10",INFR10022,False
Computer Security,Computer Security (CSEC-10) - Tutorial/02,Wed,11:00:00,12:00:00,Sem1 wk3-Sem1 wk10,INFR10067,False
Computer Security,Computer Security (CSEC-10) - Tutorial/03,Wed,12:00:00,13:00:00,Sem1 wk3-Sem1 wk10,INFR10067,False
Computer Security,Computer Security (CSEC-10) - Tutorial/04,Wed,14:00:00,15:00:00,Sem1 wk3-Sem1 wk10,INFR10067,False
Machine Learning and Pattern Recognition,Machine Learning and Pattern Recognition - Tutorial/01,Thu,12:00:00,13:00:00,Sem1 wk3-Sem1 wk9,INFR11130,False
Machine Learning and Pattern Recognition,Machine Learning and Pattern Recognition - Tutorial/02,Thu,13:00:00,14:00:00,Sem1 wk3-Sem1 wk9,INFR11130,False
Machine Learning and Pattern Recognition,Machine Learning and Pattern Recognition - Tutorial/03,Fri,11:00:00,12:00:00,Sem1 wk3-Sem1 wk9,INFR11130,False
Machine Learning and Pattern Recognition,Machine Learning and Pattern Recognition - Tutorial/04,Fri,12:00:00,13:00:00,Sem1 wk3-Sem1 wk9,INFR11130,False
Computer Graphics: Rendering,Computer Graphics: Rendering - Tutorial/01,Mon,10:00:00,11:00:00,"Sem1 wk2-Sem1 wk4, Sem1 wk6, Sem1 wk8",INFR11246,False
Computer Graphics: Rendering,Computer Graphics: Rendering - Tutorial/02,Mon,11:00:00,12:00:00,"Sem1 wk2-Sem1 wk4, Sem1 wk6, Sem1 wk8",INFR11246,False
Computer Graphics: Rendering,Computer Graphics: Rendering - Tutorial/03,Mon,12:00:00,13:00:00,"Sem1 wk2-Sem1 wk4, Sem1 wk6, Sem1 wk8",INFR11246,False
Applied Machine Learning,Applied Machine Learning - Workshop/01,Mon,09:00:00,10:00:00,"Sem1 wk4, Sem1 wk6, Sem1 wk8, Sem1 wk10",INFR11211,False
Applied Machine Learning,Applied Machine Learning - Workshop/02,Mon,10:00:00,11:00:00,"Sem1 wk4, Sem1 wk6, Sem1 wk8, Sem1 wk10",INFR11211,False
Applied Machine Learning,Applied Machine Learning - Workshop/03,Mon,11:00:00,12:00:00,"Sem1 wk4, Sem1 wk6, Sem1 wk8, Sem1 wk10",INFR11211,False
Applied Machine Learning,Applied Machine Learning - Workshop/04,Mon,12:00:00,13:00:00,"Sem1 wk4, Sem1 wk6, Sem1 wk8, Sem1 wk10",INFR11211,False
Applied Machine Learning,Applied Machine Learning - Workshop/05,Mon,13:00:00,14:00:00,"Sem1 wk4, Sem1 wk6, Sem1 wk8, Sem1 wk10",INFR11211,False
Applied Machine Learning,Applied Machine Learning - Workshop/06,Mon,14:00:00,15:00:00,"Sem1 wk4, Sem1 wk6, Sem1 wk8, Sem1 wk10",INFR11211,False
Case Studies in Design Informatics 1,Case Studies in Design Informatics 1 - Tutorial/01,Wed,09:00:00,10:30:00,"Sem1 wk3-Sem1 wk4, Sem1 wk6-Sem1 wk7, Sem1 wk9-Sem1 wk10",INFR11094,False
Case Studies in Design Informatics 1,Case Studies in Design Informatics 1 - Tutorial/02,Wed,10:30:00,12:00:00,"Sem1 wk3-Sem1 wk4, Sem1 wk6-Sem1 wk7, Sem1 wk9-Sem1 wk10",INFR11094,False
Case Studies in Design Informatics 1,Case Studies in Design Informatics 1 - Tutorial/03,Wed,12:00:00,13:30:00,"Sem1 wk3-Sem1 wk4, Sem1 wk6-Sem1 wk7, Sem1 wk9-Sem1 wk10",INFR11094,False
Case Studies in Design Informatics 1,Case Studies in Design Informatics 1 - Tutorial/04,Wed,13:30:00,15:00:00,"Sem1 wk3-Sem1 wk4, Sem1 wk6-Sem1 wk7, Sem1 wk9-Sem1 wk10",INFR11094,False
Case Studies in Design Informatics 1,Case Studies in Design Informatics 1 - Tutorial/05,Wed,15:00:00,16:30:00,"Sem1 wk3-Sem1 wk4, Sem1 wk6-Sem1 wk7, Sem1 wk9-Sem1 wk10",INFR11094,False
Case Studies in Design Informatics 1,Case Studies in Design Informatics 1 - Tutorial/06,Wed,16:30:00,18:00:00,"Sem1 wk3-Sem1 wk4, Sem1 wk6-Sem1 wk7, Sem1 wk9-Sem1 wk10",INFR11094,False
Case Studies in Design Informatics 1,Case Studies in Design Informatics 1 - Tutorial/07,Wed,09:00:00,10:30:00,"Sem1 wk3-Sem1 wk4, Sem1 wk6-Sem1 wk7, Sem1 wk9-Sem1 wk10",INFR11094,False
Informatics Research Review,Informatics Research Review - Tutorial/01,Mon,10:00:00,11:00:00,Sem1 wk3-Sem1 wk10,INFR11136,False
Informatics Research Review,Informatics Research Review - Tutorial/03,Mon,16:00:00,17:00:00,Sem1 wk3-Sem1 wk10,INFR11136,False
Informatics Research Review,Informatics Research Review - Tutorial/04,Mon,17:00:00,18:00:00,Sem1 wk3-Sem1 wk10,INFR11136,False
Informatics Research Review,Informatics Research Review - Tutorial/07,Tue,14:00:00,15:00:00,Sem1 wk3-Sem1 wk10,INFR11136,False
Informatics Research Review,Informatics Research Review - Tutorial/08,Wed,09:00:00,10:00:00,Sem1 wk3-Sem1 wk10,INFR11136,False
Informatics Research Review,Informatics Research Review - Tutorial/09,Wed,10:00:00,11:00:00,Sem1 wk3-Sem1 wk10,INFR11136,False
Informatics Research Review,Informatics Research Review - Tutorial/10,Wed,11:00:00,12:00:00,Sem1 wk3-Sem1 wk10,INFR11136,False
Informatics Research Review,Informatics Research Review - Tutorial/11,Wed,12:00:00,13:00:00,Sem1 wk3-Sem1 wk10,INFR11136,False
Informatics Research Review,Informatics Research Review - Tutorial/12,Wed,16:00:00,17:00:00,Sem1 wk3-Sem1 wk10,INFR11136,False
Informatics Research Review,Informatics Research Review - Tutorial/14,Thu,13:00:00,14:00:00,Sem1 wk3-Sem1 wk10,INFR11136,False
Computing in the Classroom,"Computing in the Classroom - Lecture <10-13, 15-18>",Thu,11:00:00,13:00:00,"Sem1 wk2-Sem1 wk5, Sem1 wk7-Sem1 wk10",INFR10077,False
Computing in the Classroom,"Computing in the Classroom - Lecture <09, 14, 19>",Thu,11:00:00,13:00:00,"Sem1 wk1, Sem1 wk6, Sem1 wk11",INFR10077,False
Informatics 2 - Foundations of Data Science,Informatics 2 - Foundations of Data Science - Workshop/01,Wed,12:00:00,13:00:00,"Sem1 wk3, Sem1 wk5, Sem1 wk9",INFR08030,False
Informatics 2 - Foundations of Data Science,Informatics 2 - Foundations of Data Science - Workshop/02,Tue,14:00:00,15:00:00,"Sem1 wk3, Sem1 wk5, Sem1 wk9",INFR08030,False
Informatics 2 - Foundations of Data Science,Informatics 2 - Foundations of Data Science - Workshop/03,Tue,11:00:00,12:00:00,"Sem1 wk3, Sem1 wk5, Sem1 wk9",INFR08030,False
Informatics 2 - Foundations of Data Science,Informatics 2 - Foundations of Data Science - Workshop/04,Tue,12:00:00,13:00:00,"Sem1 wk3, Sem1 wk5, Sem1 wk9",INFR08030,False
Informatics 2 - Foundations of Data Science,Informatics 2 - Foundations of Data Science - Workshop/05,Tue,16:00:00,17:00:00,"Sem1 wk3, Sem1 wk5, Sem1 wk9",INFR08030,False
Informatics 2 - Foundations of Data Science,Informatics 2 - Foundations of Data Science - Workshop/06,Wed,11:00:00,12:00:00,"Sem1 wk3, Sem1 wk5, Sem1 wk9",INFR08030,False
Informatics 2 - Introduction to Algorithms and Data Structures,Informatics 2 - Intro to Algorithms & Data Structures - Tutorial/01,Mon,13:00:00,14:00:00,"Sem1 wk3-Sem1 wk4, Sem1 wk6, Sem1 wk8, Sem1 wk10",INFR08026,False
Informatics 2 - Introduction to Algorithms and Data Structures,Informatics 2 - Intro to Algorithms & Data Structures - Tutorial/02,Mon,15:00:00,16:00:00,"Sem1 wk3-Sem1 wk4, Sem1 wk6, Sem1 wk8, Sem1 wk10",INFR08026,False
Informatics 2 - Introduction to Algorithms and Data Structures,Informatics 2 - Intro to Algorithms & Data Structures - Tutorial/03,Tue,11:00:00,12:00:00,"Sem1 wk3-Sem1 wk4, Sem1 wk6, Sem1 wk8, Sem1 wk10",INFR08026,False
Informatics 2 - Introduction to Algorithms and Data Structures,Informatics 2 - Intro to Algorithms & Data Structures - Tutorial/04,Tue,09:00:00,10:00:00,"Sem1 wk3-Sem1 wk4, Sem1 wk6, Sem1 wk8, Sem1 wk10",INFR08026,False
Informatics 2 - Introduction to Algorithms and Data Structures,Informatics 2 - Intro to Algorithms & Data Structures - Tutorial/05,Tue,16:00:00,17:00:00,"Sem1 wk3-Sem1 wk4, Sem1 wk6, Sem1 wk8, Sem1 wk10",INFR08026,False
Informatics 2 - Introduction to Algorithms and Data Structures,Informatics 2 - Intro to Algorithms & Data Structures - Tutorial/06,Tue,17:00:00,18:00:00,"Sem1 wk3-Sem1 wk4, Sem1 wk6, Sem1 wk8, Sem1 wk10",INFR08026,False
Informatics 2 - Introduction to Algorithms and Data Structures,Informatics 2 - Intro to Algorithms & Data Structures - Tutorial/07,Tue,09:00:00,10:00:00,"Sem1 wk3-Sem1 wk4, Sem1 wk6, Sem1 wk8, Sem1 wk10",INFR08026,False
Informatics 2 - Introduction to Algorithms and Data Structures,Informatics 2 - Intro to Algorithms & Data Structures - Tutorial/08,Tue,17:00:00,18:00:00,"Sem1 wk3-Sem1 wk4, Sem1 wk6, Sem1 wk8, Sem1 wk10",INFR08026,False
Informatics 2 - Introduction to Algorithms and Data Structures,Informatics 2 - Intro to Algorithms & Data Structures - Tutorial/09,Tue,15:00:00,16:00:00,"Sem1 wk3-Sem1 wk4, Sem1 wk6, Sem1 wk8, Sem1 wk10",INFR08026,False
Informatics 2 - Introduction to Algorithms and Data Structures,Informatics 2 - Intro to Algorithms & Data Structures - Tutorial/10,Tue,15:00:00,16:00:00,"Sem1 wk3-Sem1 wk4, Sem1 wk6, Sem1 wk8, Sem1 wk10",INFR08026,False
Informatics 2 - Introduction to Algorithms and Data Structures,Informatics 2 - Intro to Algorithms & Data Structures - Tutorial/11,Tue,14:00:00,15:00:00,"Sem1 wk3-Sem1 wk4, Sem1 wk6, Sem1 wk8, Sem1 wk10",INFR08026,False
Informatics 2 - Introduction to Algorithms and Data Structures,Informatics 2 - Intro to Algorithms & Data Structures - Tutorial/12,Tue,12:00:00,13:00:00,"Sem1 wk3-Sem1 wk4, Sem1 wk6, Sem1 wk8, Sem1 wk10",INFR08026,False
Informatics 2 - Introduction to Algorithms and Data Structures,Informatics 2 - Intro to Algorithms & Data Structures - Tutorial/14,Wed,13:00:00,14:00:00,"Sem1 wk3-Sem1 wk4, Sem1 wk6, Sem1 wk8, Sem1 wk10",INFR08026,False
Informatics 2 - Introduction to Algorithms and Data Structures,Informatics 2 - Intro to Algorithms & Data Structures - Tutorial/15,Wed,12:00:00,13:00:00,"Sem1 wk3-Sem1 wk4, Sem1 wk6, Sem1 wk8, Sem1 wk10",INFR08026,False
Informatics 2 - Introduction to Algorithms and Data Structures,Informatics 2 - Intro to Algorithms & Data Structures - Tutorial/16,Wed,11:00:00,12:00:00,"Sem1 wk3-Sem1 wk4, Sem1 wk6, Sem1 wk8, Sem1 wk10",INFR08026,False
Informatics 2 - Introduction to Algorithms and Data Structures,Informatics 2 - Intro to Algorithms & Data Structures - Tutorial/17,Wed,15:00:00,16:00:00,"Sem1 wk3-Sem1 wk4, Sem1 wk6, Sem1 wk8, Sem1 wk10",INFR08026,False
Informatics 2 - Foundations of Data Science,Informatics 2 - Foundations of Data Science - Lecture,Mon,15:00:00,16:00:00,"Sem1 wk1, Sem1 wk3-Sem1 wk6, Sem1 wk8-Sem1 wk11",INFR08030,False
Informatics 2 - Foundations of Data Science,Informatics 2 - Foundations of Data Science - Lecture,Wed,09:00:00,10:00:00,"Sem1 wk1-Sem1 wk6, Sem1 wk8-Sem1 wk11",INFR08030,False
Informatics 2 - Introduction to Algorithms and Data Structures,Informatics 2 - Intro to Algorithms & Data Structures - Lecture <11-13>,Thu,10:00:00,11:00:00,Sem1 wk3-Sem1 wk5,INFR08026,False
Informatics 2 - Introduction to Algorithms and Data Structures,Informatics 2 - Intro to Algorithms & Data Structures - Lecture <09>,Thu,10:00:00,11:00:00,Sem1 wk1,INFR08026,False
Informatics 2 - Introduction to Algorithms and Data Structures,Informatics 2 - Intro to Algorithms & Data Structures - Lecture <10>,Thu,10:00:00,11:00:00,Sem1 wk2,INFR08026,True
Informatics 2 - Introduction to Algorithms and Data Structures,Informatics 2 - Intro to Algorithms & Data Structures - Lecture,Tue,10:00:00,11:00:00,Sem1 wk1-Sem1 wk10,INFR08026,False
Informatics 2C - Introduction to Computer Systems,Informatics 2C - Introduction to Computer Systems - Lecture <13>,Tue,15:00:00,16:00:00,Sem1 wk5,INFR08027,False
Informatics 2C - Introduction to Computer Systems,Informatics 2C - Introduction to Computer Systems - Lecture <15-16>,Tue,15:00:00,16:00:00,Sem1 wk7-Sem1 wk8,INFR08027,False
Informatics 2C - Introduction to Computer Systems,"Informatics 2C - Introduction to Computer Systems - Lecture <09-10, 12, 14, 17-19>",Tue,15:00:00,16:00:00,"Sem1 wk1-Sem1 wk2, Sem1 wk4, Sem1 wk6, Sem1 wk9-Sem1 wk11",INFR08027,False
Informatics 2C - Introduction to Computer Systems,Informatics 2C - Introduction to Computer Systems - Lecture <11>,Tue,15:00:00,16:00:00,Sem1 wk3,INFR08027,False
Informatics 2C - Introduction to Computer Systems,Informatics 2C - Introduction to Computer Systems - Lecture <17>,Thu,15:00:00,16:00:00,Sem1 wk9,INFR08027,False
Informatics 2C - Introduction to Computer Systems,"Informatics 2C - Introduction to Computer Systems - Lecture <09-10, 12>",Thu,15:00:00,16:00:00,"Sem1 wk1-Sem1 wk2, Sem1 wk4",INFR08027,False
Informatics 2C - Introduction to Computer Systems,Informatics 2C - Introduction to Computer Systems - Lecture <18-19>,Thu,15:00:00,16:00:00,Sem1 wk10-Sem1 wk11,INFR08027,False
Informatics 2C - Introduction to Computer Systems,Informatics 2C - Introduction to Computer Systems - Lecture <16>,Thu,15:00:00,16:00:00,Sem1 wk8,INFR08027,False
Informatics 2C - Introduction to Computer Systems,Informatics 2C - Introduction to Computer Systems - Lecture <14>,Thu,15:00:00,16:00:00,Sem1 wk6,INFR08027,False
Informatics 2C - Introduction to Computer Systems,Informatics 2C - Introduction to Computer Systems - Lecture <13>,Thu,15:00:00,16:00:00,Sem1 wk5,INFR08027,False
Informatics 2C - Introduction to Computer Systems,Informatics 2C - Introduction to Computer Systems - Lecture <11>,Thu,15:00:00,16:00:00,Sem1 wk3,INFR08027,False
Informatics 2C - Introduction to Computer Systems,Informatics 2C - Introduction to Computer Systems - Lecture <15>,Thu,15:00:00,16:00:00,Sem1 wk7,INFR08027,False
Informatics 1 - Introduction to Computation,Informatics 1 - Introduction to Computation - Drop in Lab (KB)/11,Mon,15:00:00,16:00:00,Sem1 wk1-Sem1 wk11,INFR08025,False
Informatics 1 - Introduction to Computation,Informatics 1 - Introduction to Computation - Drop in Lab (KB)/12,Mon,16:00:00,17:00:00,Sem1 wk1-Sem1 wk11,INFR08025,False
Accelerated Natural Language Processing,Accelerated Natural Language Processing - Lecture,Mon,11:00:00,12:00:00,Sem1 wk1-Sem1 wk10,INFR11125,False
Accelerated Natural Language Processing,Accelerated Natural Language Processing - Lecture <15>,Thu,11:00:00,12:00:00,Sem1 wk7,INFR11125,False
Accelerated Natural Language Processing,Accelerated Natural Language Processing - Lecture <16-18>,Thu,11:00:00,12:00:00,Sem1 wk8-Sem1 wk10,INFR11125,False
Accelerated Natural Language Processing,"Accelerated Natural Language Processing - Lecture <10, 12>",Thu,11:00:00,12:00:00,"Sem1 wk2, Sem1 wk4",INFR11125,False
Accelerated Natural Language Processing,"Accelerated Natural Language Processing - Lecture <11, 13>",Thu,11:00:00,12:00:00,"Sem1 wk3, Sem1 wk5",INFR11125,False
Accelerated Natural Language Processing,Accelerated Natural Language Processing - Lecture <09>,Thu,11:00:00,12:00:00,Sem1 wk1,INFR11125,False
Accelerated Natural Language Processing,"Accelerated Natural Language Processing - Lecture (G.07, Informatics Forum)",Thu,11:00:00,12:00:00,Sem1 wk6,INFR11125,False
Accelerated Natural Language Processing,"Accelerated Natural Language Processing - Lecture (G.07, Informatics Forum)",Tue,11:00:00,12:00:00,"Sem1 wk7, Sem1 wk10",INFR11125,False
Accelerated Natural Language Processing,Accelerated Natural Language Processing - Lecture <11>,Tue,11:00:00,12:00:00,Sem1 wk3,INFR11125,False
Accelerated Natural Language Processing,"Accelerated Natural Language Processing - Lecture <13-14, 16>",Tue,11:00:00,12:00:00,"Sem1 wk5-Sem1 wk6, Sem1 wk8",INFR11125,False
Accelerated Natural Language Processing,"Accelerated Natural Language Processing - Lecture <09-10, 12>",Tue,11:00:00,12:00:00,"Sem1 wk1-Sem1 wk2, Sem1 wk4",INFR11125,False
Accelerated Natural Language Processing,Accelerated Natural Language Processing - Lecture <17>,Tue,11:00:00,12:00:00,Sem1 wk9,INFR11125,False
Informatics Large Practical,Informatics Large Practical - Q&A Session <11>,Fri,16:00:00,17:00:00,Sem1 wk3,INFR09051,False
Informatics Large Practical,"Informatics Large Practical - Q&A Session <14, 17>",Fri,16:00:00,17:00:00,"Sem1 wk6, Sem1 wk9",INFR09051,False
Professional Issues (Level 10),Professional Issues (Level 10) - Q&A Session,Mon,13:00:00,14:00:00,Sem1 wk1-Sem1 wk11,INFR10022,False
Professional Issues (Level 10),Professional Issues (Level 10) - Q&A Session,Fri,13:00:00,14:00:00,Sem1 wk1-Sem1 wk11,INFR10022,False
Informatics 1 - Introduction to Computation,"Informatics 1 - Intro to Computation - Lecture (Live - 1.14 Oak, Streamed - Sanderson Building LT)",Fri,14:00:00,15:00:00,Sem1 wk1,INFR08025,False
Informatics 1 - Introduction to Computation,"Informatics 1 - Intro to Computation - Lecture (Live - 1.14 Oak, Streamed - Joesph Black Building LT 250)",Fri,14:00:00,15:00:00,Sem1 wk2-Sem1 wk11,INFR08025,False
Informatics 1 - Introduction to Computation,"Informatics 1 - Intro to Computation - Lecture (Live - 1.14 Oak, Streamed - G.02 Elm)",Mon,14:00:00,15:00:00,Sem1 wk1-Sem1 wk11,INFR08025,False
Informatics 1 - Introduction to Computation,"Informatics 1 - Intro to Computation - Lecture (Live - 1.14 Oak, Streamed - Swan, Main LT)",Thu,11:00:00,12:00:00,Sem1 wk1-Sem1 wk11,INFR08025,False
Informatics 1 - Introduction to Computation,"Informatics 1 - Intro to Computation - Lecture (Live - 1.14 Oak, Streamed - 1.15 Larch)",Tue,14:00:00,15:00:00,Sem1 wk1-Sem1 wk11,INFR08025,False
Ad-Hoc Bookings - Informatics,Programming Club,Wed,15:00:00,17:00:00,Sem1 wk1-Sem1 wk11,INFADHOC,False
Case Studies in Design Informatics 2,Case Studies in Design Informatics 2 - Lecture,Mon,14:00:00,15:00:00,Sem1 wk1-Sem1 wk10,INFR11095,False
Case Studies in Design Informatics 2,Case Studies in Design Informatics 2 - Lecture (wed),Wed,14:00:00,15:00:00,Sem1 wk1-Sem1 wk10,INFR11095,False
Case Studies in Design Informatics 2,Case Studies in Design Informatics 2 - Lecture,Thu,15:00:00,16:00:00,Sem1 wk1-Sem1 wk10,INFR11095,False
Informatics 1 - Introduction to Computation,Informatics 1 - Introduction to Computation - Drop in Lab/01,Mon,16:00:00,17:00:00,Welcome wk1-Sem1 wk11,INFR08025,False
Informatics 1 - Introduction to Computation,Informatics 1 - Introduction to Computation - Drop in Lab/02,Mon,17:00:00,18:00:00,Welcome wk1-Sem1 wk11,INFR08025,False
Informatics 1 - Introduction to Computation,Informatics 1 - Introduction to Computation - Drop in Lab/03,Tue,16:00:00,17:00:00,Welcome wk1-Sem1 wk11,INFR08025,False
Informatics 1 - Introduction to Computation,Informatics 1 - Introduction to Computation - Drop in Lab/04,Tue,17:00:00,18:00:00,Welcome wk1-Sem1 wk11,INFR08025,False
Informatics 1 - Introduction to Computation,Informatics 1 - Introduction to Computation - Drop in Lab/05,Wed,16:00:00,17:00:00,Welcome wk1-Sem1 wk11,INFR08025,False
Informatics 1 - Introduction to Computation,Informatics 1 - Introduction to Computation - Drop in Lab/06,Wed,17:00:00,18:00:00,Welcome wk1-Sem1 wk11,INFR08025,False
Informatics 1 - Introduction to Computation,Informatics 1 - Introduction to Computation - Drop in Lab/07,Thu,16:00:00,17:00:00,Welcome wk1-Sem1 wk11,INFR08025,False
Informatics 1 - Introduction to Computation,Informatics 1 - Introduction to Computation - Drop in Lab/08,Thu,17:00:00,18:00:00,Welcome wk1-Sem1 wk11,INFR08025,False
Informatics 1 - Introduction to Computation,Informatics 1 - Introduction to Computation - Drop in Lab/09,Fri,16:00:00,17:00:00,Welcome wk1-Sem1 wk11,INFR08025,False
Informatics 1 - Introduction to Computation,Informatics 1 - Introduction to Computation - Drop in Lab/10,Fri,17:00:00,18:00:00,Welcome wk1-Sem1 wk11,INFR08025,False
Discrete Mathematics and Probability,Discrete Mathematics and Probability - Tutorial/02,Tue,17:00:00,18:00:00,"Sem1 wk2-Sem1 wk5, Sem1 wk7-Sem1 wk10",INFR08031,False
Discrete Mathematics and Probability,Discrete Mathematics and Probability - Tutorial/07,Thu,13:00:00,14:00:00,"Sem1 wk2-Sem1 wk5, Sem1 wk7-Sem1 wk10",INFR08031,False
Informatics Large Practical,Informatics Large Practical - Tutorial/01,Tue,11:00:00,12:00:00,"Sem1 wk3, Sem1 wk5, Sem1 wk7, Sem1 wk9",INFR09051,False
Informatics Large Practical,Informatics Large Practical - Tutorial/03,Tue,13:00:00,14:00:00,"Sem1 wk3, Sem1 wk5, Sem1 wk7, Sem1 wk9",INFR09051,False
Informatics Large Practical,Informatics Large Practical - Tutorial/05,Thu,11:00:00,12:00:00,"Sem1 wk3, Sem1 wk5, Sem1 wk7, Sem1 wk9",INFR09051,False
Informatics Large Practical,Informatics Large Practical - Tutorial/07,Thu,13:00:00,14:00:00,"Sem1 wk3, Sem1 wk5, Sem1 wk7, Sem1 wk9",INFR09051,False
Introduction to Mobile Robotics,Introduction to Mobile Robotics - Tutorial/01,Wed,09:00:00,10:00:00,Sem1 wk5,INFR10085,False
Introduction to Mobile Robotics,Introduction to Mobile Robotics - Tutorial/02,Wed,10:00:00,11:00:00,Sem1 wk5,INFR10085,False
Introduction to Mobile Robotics,Introduction to Mobile Robotics - Tutorial/03,Wed,14:00:00,15:00:00,Sem1 wk5,INFR10085,False
Informatics 2 - Foundations of Data Science,Informatics 2 - Foundations of Data Science - Drop in Lab/01,Thu,11:00:00,13:00:00,Sem1 wk1-Sem1 wk11,INFR08030,False
Informatics 2 - Foundations of Data Science,Informatics 2 - Foundations of Data Science - Drop in Lab/02,Fri,12:00:00,14:00:00,Sem1 wk1-Sem1 wk6,INFR08030,False
Informatics 2 - Foundations of Data Science,Informatics 2 - Foundations of Data Science - Drop in Lab/03,Wed,14:00:00,16:00:00,Sem1 wk1-Sem1 wk7,INFR08030,False
Informatics 2 - Introduction to Algorithms and Data Structures,Informatics 2 - Intro to Algorithms & Data Structures - Tutorial/18,Mon,12:00:00,13:00:00,"Sem1 wk3-Sem1 wk4, Sem1 wk6, Sem1 wk8, Sem1 wk10",INFR08026,False
Informatics 2 - Introduction to Algorithms and Data Structures,Informatics 2 - Intro to Algorithms & Data Structures - Drop in Lab/01,Mon,11:00:00,12:00:00,"Sem1 wk2, Sem1 wk4, Sem1 wk6-Sem1 wk8",INFR08026,False
Informatics 2 - Introduction to Algorithms and Data Structures,Informatics 2 - Intro to Algorithms & Data Structures - Drop in Lab/02,Mon,16:00:00,17:00:00,"Sem1 wk2, Sem1 wk4, Sem1 wk6-Sem1 wk8",INFR08026,False
Informatics 2 - Introduction to Algorithms and Data Structures,Informatics 2 - Intro to Algorithms & Data Structures - Drop in Lab/03,Wed,11:00:00,12:00:00,"Sem1 wk2, Sem1 wk4, Sem1 wk6-Sem1 wk8",INFR08026,False
Informatics 2 - Introduction to Algorithms and Data Structures,Informatics 2 - Intro to Algorithms & Data Structures - Drop in Lab/04,Wed,16:00:00,17:00:00,"Sem1 wk2, Sem1 wk4, Sem1 wk6-Sem1 wk8",INFR08026,False
Advanced Robotics,Advanced Robotics - Lecture,Mon,13:00:00,15:00:00,Sem1 wk1-Sem1 wk10,INFR11213,False
Advanced Robotics,Advanced Robotics - Lecture,Tue,10:00:00,11:00:00,Sem1 wk1-Sem1 wk10,INFR11213,False
Bioinformatics 1,Bioinformatics 1 - Lecture,Fri,10:00:00,11:00:00,Sem1 wk1-Sem1 wk11,INFR11160,False
Computational Neuroscience,Computational Neuroscience - Lecture,Fri,15:00:00,16:00:00,Sem1 wk1-Sem1 wk11,INFR11209,False
Computational Neuroscience,Computational Neuroscience - Lecture,Tue,15:00:00,16:00:00,Sem1 wk1-Sem1 wk11,INFR11209,False
Computer Graphics: Rendering,Computer Graphics: Rendering - Lecture,Thu,13:00:00,14:00:00,Sem1 wk1-Sem1 wk10,INFR11246,False
Computer Graphics: Rendering,Computer Graphics: Rendering - Lecture,Mon,16:00:00,17:00:00,Sem1 wk1-Sem1 wk10,INFR11246,False
Extreme Computing,Extreme Computing - Lecture,Fri,13:00:00,15:00:00,Sem1 wk1-Sem1 wk11,INFR11088,False
Formal Verification,Formal Verification - Drop in Lab,Fri,11:00:00,13:00:00,Sem1 wk3-Sem1 wk10,INFR11129,False
Formal Verification,Formal Verification - Lecture,Mon,15:00:00,16:00:00,Sem1 wk1-Sem1 wk11,INFR11129,False
Formal Verification,Formal Verification - Lecture,Thu,15:00:00,16:00:00,Sem1 wk1-Sem1 wk11,INFR11129,False
Human-Computer Interaction (Level 11),Human-Computer Interaction (Level 11) - Q&A Session,Tue,12:00:00,13:00:00,Sem1 wk1-Sem1 wk11,INFR11017,False
Knowledge Graphs,Knowledge Graphs - Lecture,Fri,10:00:00,11:00:00,Sem1 wk1-Sem1 wk10,INFR11215,False
Knowledge Graphs,Knowledge Graphs - Lecture,Tue,15:00:00,16:00:00,Sem1 wk1-Sem1 wk10,INFR11215,False
Modelling of Systems for Sustainability,Modelling of Systems for Sustainablilty - Lecture,Mon,14:00:00,15:00:00,Sem1 wk1-Sem1 wk6,INFR10088,False
Modelling of Systems for Sustainability,Modelling of Systems for Sustainablilty - Lecture,Wed,14:00:00,15:00:00,Sem1 wk1-Sem1 wk6,INFR10088,False
Modelling of Systems for Sustainability,Modelling of Systems for Sustainablilty - Q&A,Fri,11:00:00,12:00:00,"Sem1 wk1-Sem1 wk6, Sem1 wk9-Sem1 wk10",INFR10088,False
Randomized Algorithms,Randomized Algorithms - Lecture,Mon,14:00:00,15:00:00,Sem1 wk1-Sem1 wk11,INFR11201,False
Randomized Algorithms,Randomized Algorithms - Lecture,Wed,14:00:00,15:00:00,Sem1 wk1-Sem1 wk11,INFR11201,False
Secure Programming,Secure Programming - Lecture,Thu,14:00:00,15:00:00,"Sem1 wk1, Sem1 wk3-Sem1 wk10",INFR11098,False
Secure Programming,Secure Programming - Lecture,Tue,14:00:00,15:00:00,"Sem1 wk1, Sem1 wk3-Sem1 wk10",INFR11098,False
Types and Semantics for Programming Languages,Types and Semantics for Programming Languages - Lecture,Mon,12:00:00,14:00:00,"Sem1 wk1-Sem1 wk2, Sem1 wk4-Sem1 wk11",INFR11114,False
Types and Semantics for Programming Languages,"Types and Semantics for Programming Languages - Lecture <09-10, 12-15, 17-19>",Wed,12:00:00,14:00:00,"Sem1 wk1-Sem1 wk2, Sem1 wk4-Sem1 wk7, Sem1 wk9-Sem1 wk11",INFR11114,False
Types and Semantics for Programming Languages,Types and Semantics for Programming Languages - Lecture <16>,Wed,12:00:00,14:00:00,Sem1 wk8,INFR11114,False
Applied Machine Learning,Applied Machine Learning - Q&A Session <11>,Mon,15:00:00,16:00:00,Sem1 wk3,INFR11211,False
Applied Machine Learning,"Applied Machine Learning - Q&A Session <10, 12-18>",Tue,16:00:00,17:00:00,"Sem1 wk2, Sem1 wk4-Sem1 wk10",INFR11211,False
Applied Machine Learning,Applied Machine Learning - Q&A Session <09>,Tue,17:00:00,18:00:00,Sem1 wk1,INFR11211,False
Case Studies in Design Informatics 1,Case Studies in Design Informatics 1 - Lecture,Mon,15:00:00,17:00:00,Sem1 wk1-Sem1 wk11,INFR11094,False
Doing Research in Natural Language Processing,Doing Research in Natural Language Processing - Lecture,Fri,16:00:00,17:00:00,Sem1 wk1-Sem1 wk10,INFR11194,False
Doing Research in Natural Language Processing,Doing Research in Natural Language Processing - Lecture,Wed,16:00:00,17:00:00,Sem1 wk1-Sem1 wk10,INFR11194,False
Group Project in Advanced Natural Language Processing,Group Project in Advanced Natural Language Processing,Thu,14:00:00,15:00:00,"Sem1 wk1, Sem1 wk3, Sem1 wk5, Sem1 wk7, Sem1 wk9, Sem1 wk11",INFR11193,False
Issues in Clinical Data Modelling,Issues in Clinical Data Modelling - Lecture,Wed,14:00:00,16:00:00,Sem1 wk1-Sem1 wk10,INFR11195,False
Computer Security,Computer Security (CSEC-10) - Tutorial/07,Wed,16:00:00,17:00:00,Sem1 wk3-Sem1 wk10,INFR10067,False
Computer Security,Computer Security (CSEC-10) - Tutorial/08,Wed,17:00:00,18:00:00,Sem1 wk3-Sem1 wk10,INFR10067,False
Computer Security,Computer Security (CSEC-10) - Tutorial/10,Fri,11:00:00,12:00:00,Sem1 wk3-Sem1 wk10,INFR10067,False
Computer Security,Computer Security (CSEC-10) - Tutorial/11,Fri,12:00:00,13:00:00,Sem1 wk3-Sem1 wk10,INFR10067,False
Computer Security,Computer Security (CSEC-10) - Tutorial/12,Fri,13:00:00,14:00:00,Sem1 wk3-Sem1 wk10,INFR10067,False
Computer Security,Computer Security (CSEC-10) - Tutorial/13,Fri,14:00:00,15:00:00,Sem1 wk3-Sem1 wk10,INFR10067,False
Computer Security,Computer Security (CSEC-10) - Tutorial/15,Fri,16:00:00,17:00:00,Sem1 wk3-Sem1 wk10,INFR10067,False
Computer Security,Computer Security (CSEC-10) - Tutorial/20,Thu,13:00:00,14:00:00,Sem1 wk3-Sem1 wk10,INFR10067,False
Advanced Robotics,Advanced Robotics - Lab/01,Thu,10:00:00,11:00:00,Sem1 wk5-Sem1 wk9,INFR11213,False
Advanced Robotics,Advanced Robotics - Lab/02,Thu,11:00:00,12:00:00,Sem1 wk5-Sem1 wk9,INFR11213,False
Accelerated Natural Language Processing,Accelerated Natural Language Processing - Lab/01,Mon,12:30:00,14:00:00,"Sem1 wk2-Sem1 wk3, Sem1 wk7, Sem1 wk9",INFR11125,False
Accelerated Natural Language Processing,Accelerated Natural Language Processing - Lab/02,Mon,16:00:00,17:30:00,"Sem1 wk2-Sem1 wk3, Sem1 wk7, Sem1 wk9",INFR11125,False
Accelerated Natural Language Processing,Accelerated Natural Language Processing - Lab/03,Wed,16:00:00,17:30:00,"Sem1 wk2-Sem1 wk3, Sem1 wk7, Sem1 wk9",INFR11125,False
Applied Machine Learning,Applied Machine Learning - Lab/01,Thu,13:00:00,14:00:00,"Sem1 wk3, Sem1 wk5, Sem1 wk7, Sem1 wk9",INFR11211,False
Applied Machine Learning,Applied Machine Learning - Lab/02,Tue,10:00:00,11:00:00,"Sem1 wk3, Sem1 wk5, Sem1 wk7, Sem1 wk9",INFR11211,False
Applied Machine Learning,Applied Machine Learning - Lab/03,Tue,11:00:00,12:00:00,"Sem1 wk3, Sem1 wk5, Sem1 wk7, Sem1 wk9",INFR11211,False
Applied Machine Learning,Applied Machine Learning - Lab/04,Wed,14:00:00,15:00:00,"Sem1 wk3, Sem1 wk5, Sem1 wk7, Sem1 wk9",INFR11211,False
Applied Machine Learning,Applied Machine Learning - Lab/05,Wed,15:00:00,16:00:00,"Sem1 wk3, Sem1 wk5, Sem1 wk7, Sem1 wk9",INFR11211,False
Applied Machine Learning,Applied Machine Learning - Lab/06,Wed,12:00:00,13:00:00,"Sem1 wk3, Sem1 wk5, Sem1 wk7, Sem1 wk9",INFR11211,False
Applied Machine Learning,Applied Machine Learning - Lab/07,Thu,09:00:00,10:00:00,"Sem1 wk3, Sem1 wk5, Sem1 wk7, Sem1 wk9",INFR11211,False
Applied Machine Learning,Applied Machine Learning - Lab/08,Thu,10:00:00,11:00:00,"Sem1 wk3, Sem1 wk5, Sem1 wk7, Sem1 wk9",INFR11211,False
Applied Machine Learning,Applied Machine Learning - Lab/09,Thu,14:00:00,15:00:00,"Sem1 wk3, Sem1 wk5, Sem1 wk7, Sem1 wk9",INFR11211,False
Algorithms and Data Structures,Algorithms and Data Structures - Lecture,Mon,16:00:00,17:00:00,Sem1 wk1-Sem1 wk10,INFR10052,False
Algorithms and Data Structures,Algorithms and Data Structures - Lecture,Thu,16:00:00,17:00:00,Sem1 wk1-Sem1 wk10,INFR10052,False
Computer Architecture and Design,Computer Architecture and Design - Lecture,Fri,12:00:00,13:00:00,Sem1 wk1-Sem1 wk10,INFR10076,False
Computer Architecture and Design,Computer Architecture and Design - Lecture,Mon,12:00:00,13:00:00,Sem1 wk1-Sem1 wk10,INFR10076,False
Computer Architecture and Design,Computer Architecture and Design - Lecture,Thu,12:00:00,13:00:00,Sem1 wk1-Sem1 wk10,INFR10076,False
Introduction to Databases,Introduction to Databases - Lecture,Fri,11:00:00,12:00:00,Sem1 wk1-Sem1 wk11,INFR10080,False
Introduction to Databases,Introduction to Databases - Lecture,Wed,11:00:00,13:00:00,Sem1 wk1-Sem1 wk11,INFR10080,False
Introduction to Databases,Introduction to Databases - Revision Lecture,Mon,11:00:00,13:00:00,"Sem1 wk3, Sem1 wk5, Sem1 wk7, Sem1 wk9",INFR10080,False
Informatics Large Practical,Informatics Large Practical - Lecture <15>,Fri,15:00:00,16:00:00,Sem1 wk7,INFR09051,False
Informatics Large Practical,Informatics Large Practical - Lecture <09-13>,Fri,15:00:00,16:00:00,Sem1 wk1-Sem1 wk5,INFR09051,True
Informatics Large Practical,"Informatics Large Practical - Lecture <14, 16-19>",Fri,15:00:00,16:00:00,"Sem1 wk6, Sem1 wk8-Sem1 wk11",INFR09051,False
Introduction to Theoretical Computer Science,Introduction to Theoretical Computer Science - Lecture,Tue,13:00:00,14:00:00,Sem1 wk1-Sem1 wk10,INFR10059,False
Introduction to Theoretical Computer Science,Introduction to Theoretical Computer Science - Lecture,Thu,13:00:00,14:00:00,Sem1 wk1-Sem1 wk10,INFR10059,False
Introduction to Mobile Robotics,Introduction to Mobile Robotics - Lecture,Mon,11:00:00,12:00:00,Sem1 wk1-Sem1 wk11,INFR10085,False
Introduction to Mobile Robotics,Introduction to Mobile Robotics - Lecture,Thu,11:00:00,12:00:00,Sem1 wk1-Sem1 wk11,INFR10085,False
Informatics 2C - Introduction to Computer Systems,Informatics 2C - Introduction to Computer Systems - Drop In Lab/01,Mon,10:00:00,12:00:00,Sem1 wk2-Sem1 wk10,INFR08027,False
Informatics 2C - Introduction to Computer Systems,Informatics 2C - Introduction to Computer Systems - Drop In Lab/02,Tue,10:00:00,12:00:00,Sem1 wk2-Sem1 wk10,INFR08027,False
Informatics 2C - Introduction to Computer Systems,Informatics 2C - Introduction to Computer Systems - Drop In Lab/03,Wed,10:00:00,12:00:00,Sem1 wk2-Sem1 wk10,INFR08027,False
Informatics 2C - Introduction to Computer Systems,Informatics 2C - Introduction to Computer Systems - Drop In Lab/04,Thu,10:00:00,12:00:00,Sem1 wk2-Sem1 wk10,INFR08027,False
Informatics 2C - Introduction to Computer Systems,Informatics 2C - Introduction to Computer Systems - Drop In Lab/05,Fri,10:00:00,12:00:00,Sem1 wk2-Sem1 wk10,INFR08027,False
Informatics 2C - Introduction to Computer Systems,Informatics 2C - Introduction to Computer Systems - Tutorial/01,Mon,16:00:00,17:00:00,Sem1 wk3-Sem1 wk10,INFR08027,False
Informatics 2C - Introduction to Computer Systems,Informatics 2C - Introduction to Computer Systems - Tutorial/02,Mon,12:00:00,13:00:00,Sem1 wk3-Sem1 wk10,INFR08027,False
Informatics 2C - Introduction to Computer Systems,Informatics 2C - Introduction to Computer Systems - Tutorial/03,Mon,13:00:00,14:00:00,Sem1 wk3-Sem1 wk10,INFR08027,False
Informatics 2C - Introduction to Computer Systems,Informatics 2C - Introduction to Computer Systems - Tutorial/04,Fri,13:00:00,14:00:00,Sem1 wk3-Sem1 wk10,INFR08027,False
Informatics 2C - Introduction to Computer Systems,Informatics 2C - Introduction to Computer Systems - Tutorial/05,Tue,16:00:00,17:00:00,Sem1 wk3-Sem1 wk10,INFR08027,False
Informatics 2C - Introduction to Computer Systems,Informatics 2C - Introduction to Computer Systems - Tutorial/06,Fri,12:00:00,13:00:00,Sem1 wk3-Sem1 wk10,INFR08027,False
Informatics 2C - Introduction to Computer Systems,Informatics 2C - Introduction to Computer Systems - Tutorial/07,Thu,12:00:00,13:00:00,Sem1 wk3-Sem1 wk10,INFR08027,False
Informatics 2C - Introduction to Computer Systems,Informatics 2C - Introduction to Computer Systems - Tutorial/08,Thu,13:00:00,14:00:00,Sem1 wk3-Sem1 wk10,INFR08027,False
Informatics 2C - Introduction to Computer Systems,Informatics 2C - Introduction to Computer Systems - Tutorial/09,Tue,12:00:00,13:00:00,Sem1 wk3-Sem1 wk10,INFR08027,False
Informatics 2C - Introduction to Computer Systems,Informatics 2C - Introduction to Computer Systems - Tutorial/10,Wed,15:00:00,16:00:00,Sem1 wk3-Sem1 wk10,INFR08027,False
Informatics 2C - Introduction to Computer Systems,Informatics 2C - Introduction to Computer Systems - Tutorial/11,Wed,16:00:00,17:00:00,Sem1 wk3-Sem1 wk10,INFR08027,False
Informatics 2C - Introduction to Computer Systems,Informatics 2C - Introduction to Computer Systems - Tutorial/12,Wed,12:00:00,13:00:00,Sem1 wk3-Sem1 wk10,INFR08027,False
Informatics 2C - Introduction to Computer Systems,Informatics 2C - Introduction to Computer Systems - Tutorial/13,Tue,13:00:00,14:00:00,Sem1 wk3-Sem1 wk10,INFR08027,False
Algorithms and Data Structures,Algorithms and Data Structures - Tutorial/01,Tue,14:00:00,15:00:00,Sem1 wk3-Sem1 wk10,INFR10052,False
Algorithms and Data Structures,Algorithms and Data Structures - Tutorial/02,Wed,13:00:00,14:00:00,Sem1 wk3-Sem1 wk10,INFR10052,False
Algorithms and Data Structures,Algorithms and Data Structures - Tutorial/03,Fri,13:00:00,14:00:00,Sem1 wk3-Sem1 wk10,INFR10052,False
Computer Architecture and Design,Computer Architecture and Design - Drop In Lab,Tue,14:00:00,16:00:00,Sem1 wk2-Sem1 wk6,INFR10076,False
Computer Architecture and Design,Computer Architecture and Design - Workshop/01,Mon,14:00:00,15:00:00,Sem1 wk3-Sem1 wk10,INFR10076,False
Computer Architecture and Design,Computer Architecture and Design - Workshop/02,Mon,15:00:00,16:00:00,Sem1 wk3-Sem1 wk10,INFR10076,False
Computer Architecture and Design,Computer Architecture and Design - Workshop/03,Thu,14:00:00,15:00:00,Sem1 wk3-Sem1 wk10,INFR10076,False
Computer Architecture and Design,Computer Architecture and Design - Workshop/04,Thu,15:00:00,16:00:00,Sem1 wk3-Sem1 wk10,INFR10076,False
Elements of Programming Languages,Elements of Programming Languages - Drop in Lab,Wed,12:00:00,14:00:00,Sem1 wk2,INFR10061,False
Introduction to Mobile Robotics,Introduction to Mobile Robotics - Lab/01,Mon,14:00:00,16:00:00,"Sem1 wk3-Sem1 wk4, Sem1 wk6-Sem1 wk9",INFR10085,False
Introduction to Mobile Robotics,Introduction to Mobile Robotics - Lab/02,Tue,13:00:00,15:00:00,"Sem1 wk3-Sem1 wk4, Sem1 wk6-Sem1 wk9",INFR10085,False
Introduction to Mobile Robotics,Introduction to Mobile Robotics - Lab/03,Mon,14:00:00,16:00:00,"Sem1 wk3-Sem1 wk4, Sem1 wk6-Sem1 wk9",INFR10085,False
Introduction to Theoretical Computer Science,Introduction to Theoretical Computer Science - Tutorial/01,Thu,15:00:00,16:00:00,Sem1 wk3-Sem1 wk10,INFR10059,False
Introduction to Theoretical Computer Science,Introduction to Theoretical Computer Science - Tutorial/02,Fri,15:00:00,16:00:00,Sem1 wk3-Sem1 wk10,INFR10059,False
Introduction to Theoretical Computer Science,Introduction to Theoretical Computer Science - Tutorial/03,Fri,16:00:00,17:00:00,Sem1 wk3-Sem1 wk10,INFR10059,False
Software Testing,Software Testing - Tutorial/03,Tue,11:00:00,12:00:00,Sem1 wk1-Sem1 wk11,INFR10057,False
Software Testing,Software Testing - Tutorial/04,Tue,12:00:00,13:00:00,Sem1 wk1-Sem1 wk11,INFR10057,False
Software Testing,Software Testing - Tutorial/05,Wed,11:00:00,12:00:00,Sem1 wk1-Sem1 wk11,INFR10057,False
Software Testing,Software Testing - Tutorial/06,Wed,12:00:00,13:00:00,Sem1 wk1-Sem1 wk11,INFR10057,False
Software Testing,Software Testing - Tutorial/07,Thu,11:00:00,12:00:00,Sem1 wk1-Sem1 wk11,INFR10057,False
Software Testing,Software Testing - Tutorial/08,Thu,14:00:00,15:00:00,Sem1 wk1-Sem1 wk11,INFR10057,False
Software Testing,Software Testing - Tutorial/09,Fri,13:00:00,14:00:00,Sem1 wk1-Sem1 wk11,INFR10057,False
Advanced Robotics,Advanced Robotics - Tutorial/01,Mon,15:00:00,16:00:00,Sem1 wk2-Sem1 wk7,INFR11213,False
Advanced Robotics,Advanced Robotics - Tutorial/02,Mon,16:00:00,17:00:00,Sem1 wk2-Sem1 wk7,INFR11213,False
Bioinformatics 1,Bioinformatics 1 - Drop in Lab,Wed,14:00:00,16:00:00,"Sem1 wk2, Sem1 wk4, Sem1 wk6, Sem1 wk8",INFR11160,False
Computational Neuroscience,Computational Neuroscience - Drop in Lab,Thu,15:00:00,18:00:00,"Sem1 wk1, Sem1 wk3, Sem1 wk5, Sem1 wk7, Sem1 wk9, Sem1 wk11",INFR11209,False
Computational Neuroscience,Computational Neuroscience - Drop in Lab,Fri,12:00:00,15:00:00,"Sem1 wk1, Sem1 wk3, Sem1 wk5, Sem1 wk7, Sem1 wk9, Sem1 wk11",INFR11209,False
Knowledge Graphs,Knowledge Graphs - Tutorial/01,Wed,14:00:00,15:00:00,"Sem1 wk2, Sem1 wk5, Sem1 wk8-Sem1 wk9",INFR11215,False
Knowledge Graphs,Knowledge Graphs - Tutorial/02,Wed,16:00:00,17:00:00,"Sem1 wk2, Sem1 wk5, Sem1 wk8-Sem1 wk9",INFR11215,False
Knowledge Graphs,Knowledge Graphs - Tutorial/03,Thu,10:00:00,11:00:00,"Sem1 wk2, Sem1 wk5, Sem1 wk8-Sem1 wk9",INFR11215,False
Knowledge Graphs,Knowledge Graphs - Tutorial/04,Thu,11:00:00,12:00:00,"Sem1 wk2, Sem1 wk5, Sem1 wk8-Sem1 wk9",INFR11215,False
Knowledge Graphs,Knowledge Graphs - Workshop/02,Thu,10:00:00,12:00:00,"Sem1 wk4-Sem1 wk5, Sem1 wk8-Sem1 wk10",INFR11215,False
Knowledge Graphs,Knowledge Graphs - Workshop/03,Thu,14:00:00,16:00:00,"Sem1 wk4-Sem1 wk5, Sem1 wk8-Sem1 wk10",INFR11215,False
Randomized Algorithms,Randomized Algorithms - Tutorial/01,Mon,15:00:00,16:00:00,Sem1 wk3-Sem1 wk10,INFR11201,False
Randomized Algorithms,Randomized Algorithms - Tutorial/02,Mon,10:00:00,11:00:00,Sem1 wk3-Sem1 wk10,INFR11201,False
Secure Programming,Secure Programming - Drop in Lab,Wed,13:00:00,16:00:00,"Sem1 wk3, Sem1 wk5, Sem1 wk7, Sem1 wk9",INFR11098,False
Accelerated Natural Language Processing,Accelerated Natural Language Processing - Lab/04,Tue,16:00:00,17:30:00,"Sem1 wk2-Sem1 wk3, Sem1 wk7, Sem1 wk9",INFR11125,False
Accelerated Natural Language Processing,Accelerated Natural Language Processing - Tutorial/01,Thu,09:00:00,10:00:00,"Sem1 wk4, Sem1 wk6, Sem1 wk8, Sem1 wk10",INFR11125,False
Accelerated Natural Language Processing,Accelerated Natural Language Processing - Tutorial/02,Thu,10:00:00,11:00:00,"Sem1 wk4, Sem1 wk6, Sem1 wk8, Sem1 wk10",INFR11125,False
Accelerated Natural Language Processing,Accelerated Natural Language Processing - Tutorial/03,Thu,14:00:00,15:00:00,"Sem1 wk4, Sem1 wk6, Sem1 wk8, Sem1 wk10",INFR11125,False
Accelerated Natural Language Processing,Accelerated Natural Language Processing - Tutorial/04,Thu,15:00:00,16:00:00,"Sem1 wk4, Sem1 wk6, Sem1 wk8, Sem1 wk10",INFR11125,False
Accelerated Natural Language Processing,Accelerated Natural Language Processing - Tutorial/05,Wed,17:00:00,18:00:00,"Sem1 wk4, Sem1 wk6, Sem1 wk8, Sem1 wk10",INFR11125,False
Accelerated Natural Language Processing,Accelerated Natural Language Processing - Tutorial/06,Thu,16:00:00,17:00:00,"Sem1 wk4, Sem1 wk6, Sem1 wk8, Sem1 wk10",INFR11125,False
Accelerated Natural Language Processing,Accelerated Natural Language Processing - Tutorial/07,Fri,11:00:00,12:00:00,"Sem1 wk4, Sem1 wk6, Sem1 wk8, Sem1 wk10",INFR11125,False
Accelerated Natural Language Processing,Accelerated Natural Language Processing - Tutorial/08,Fri,12:00:00,13:00:00,"Sem1 wk4, Sem1 wk6, Sem1 wk8, Sem1 wk10",INFR11125,False
Accelerated Natural Language Processing,Accelerated Natural Language Processing - Tutorial/09,Fri,10:00:00,11:00:00,"Sem1 wk4, Sem1 wk6, Sem1 wk8, Sem1 wk10",INFR11125,False
Accelerated Natural Language Processing,Accelerated Natural Language Processing - Tutorial/10,Fri,09:00:00,10:00:00,"Sem1 wk4, Sem1 wk6, Sem1 wk8, Sem1 wk10",INFR11125,False
Accelerated Natural Language Processing,Accelerated Natural Language Processing - Tutorial/11,Thu,17:00:00,18:00:00,"Sem1 wk4, Sem1 wk6, Sem1 wk8, Sem1 wk10",INFR11125,False
Accelerated Natural Language Processing,Accelerated Natural Language Processing - Tutorial/14,Fri,13:00:00,14:00:00,"Sem1 wk4, Sem1 wk6, Sem1 wk8, Sem1 wk10",INFR11125,False
Data-driven Business and Behaviour Analytics,Data-driven Business and Behaviour Analytics - Tutorial/01,Wed,15:00:00,16:00:00,Sem1 wk3-Sem1 wk10,INFR11198,False
Data-driven Business and Behaviour Analytics,Data-driven Business and Behaviour Analytics - Tutorial/02,Wed,16:00:00,17:00:00,Sem1 wk3-Sem1 wk10,INFR11198,False
Ad-Hoc Bookings - Informatics,INFPALS Drop In (sem1)/01,Wed,12:00:00,14:00:00,Sem1 wk1-Sem1 wk11,INFADHOC,False
Ad-Hoc Bookings - Informatics,INFPALS Drop In (sem1)/01,Fri,12:00:00,14:00:00,Sem1 wk1-Sem1 wk11,INFADHOC,False
Advanced Robotics,Advanced Robotics - Lab/01,Tue,13:00:00,14:00:00,Sem1 wk3-Sem1 wk10,INFR11213,False
Advanced Robotics,Advanced Robotics - Lab/02,Tue,14:00:00,15:00:00,Sem1 wk3-Sem1 wk10,INFR11213,False
Applied Machine Learning,Applied Machine Learning - Drop in Lab,Thu,13:00:00,14:00:00,Sem1 wk2,INFR11211,False
Applied Machine Learning,Applied Machine Learning - Drop in Lab,Fri,12:00:00,13:00:00,Sem1 wk2,INFR11211,False
Applied Machine Learning,Applied Machine Learning - Drop in Lab,Wed,12:00:00,13:00:00,Sem1 wk2,INFR11211,False
Discrete Mathematics and Probability,Discrete Mathematics and Probability - Tutorial/04,Wed,13:00:00,14:00:00,"Sem1 wk2-Sem1 wk5, Sem1 wk7-Sem1 wk10",INFR08031,False
Modelling of Systems for Sustainability,Modelling of Systems for Sustainablilty - Tutorial/02,Thu,14:00:00,15:00:00,Sem1 wk2-Sem1 wk5,INFR10088,False
Modelling of Systems for Sustainability,Modelling of Systems for Sustainablilty - Tutorial/01,Thu,10:00:00,11:00:00,Sem1 wk2-Sem1 wk5,INFR10088,False
Modelling of Systems for Sustainability,Modelling of Systems for Sustainablilty - Computer Workshop,Thu,16:00:00,18:00:00,Sem1 wk2-Sem1 wk10,INFR10088,False
Types and Semantics for Programming Languages,Types and Semantics for Programming Languages - Lecture,Fri,12:00:00,14:00:00,Sem1 wk1,INFR11114,False
Computer Security (Level 11),Computer Security (Level 11) - Tutorial/02,Fri,15:00:00,16:00:00,Sem1 wk4-Sem1 wk10,INFR11244,False
Computer Security (Level 11),Computer Security (Level 11) - Tutorial/01,Thu,10:00:00,11:00:00,Sem1 wk4-Sem1 wk10,INFR11244,False
Data-driven Business and Behaviour Analytics,Data-driven Business and Behaviour Analytics - Tutorial/03,Wed,17:00:00,18:00:00,Sem1 wk3-Sem1 wk10,INFR11198,False
Informatics 2 - Introduction to Algorithms and Data Structures,Informatics 2 - Intro to Algorithms & Data Structures (sem1) - Catch up up Tutorial,Fri,15:00:00,16:00:00,"Sem1 wk3-Sem1 wk4, Sem1 wk6, Sem1 wk8, Sem1 wk10",INFR08026,False
Informatics Research Review,Informatics Research Review - Tutorial/15,Fri,12:00:00,13:00:00,Sem1 wk3-Sem1 wk10,INFR11136,False
Informatics Research Review,Informatics Research Review - Tutorial/02,Mon,15:00:00,16:00:00,Sem1 wk3-Sem1 wk10,INFR11136,False
Algorithms and Data Structures,Algorithms and Data Structures - Tutorial/05,Fri,16:00:00,17:00:00,Sem1 wk3-Sem1 wk10,INFR10052,False
Algorithms and Data Structures,Algorithms and Data Structures - Tutorial/04,Fri,15:00:00,16:00:00,Sem1 wk3-Sem1 wk10,INFR10052,False
Programming Skills,(EPCC) Programming Skills - Lecture,Thu,11:00:00,13:00:00,Sem1 wk11,INFR11177,False
Informatics 2C - Introduction to Computer Systems,Informatics 2C - Introduction to Computer Systems - CW,Fri,11:00:00,12:00:00,Sem1 wk9,INFR08027,False
